association,fromObjectIdentity,toObjectIdentity
core.ResourceParentChild,Proglogic_ASTransformations,ASMap
com.ldm.custom.proglogic.ProgramCategoryToProgram,ASMap,ASMap/Map_CDB_to_Policy_Model
com.ldm.custom.proglogic.ProgramToProgramPort,ASMap/Map_CDB_to_Policy_Model,ASMap/Map_CDB_to_Policy_Model/PremiumAmountChecker
com.ldm.custom.proglogic.ProgramToProgramPort,ASMap/Map_CDB_to_Policy_Model,ASMap/Map_CDB_to_Policy_Model/RangeChecker
com.ldm.custom.proglogic.ProgramToProgramPort,ASMap/Map_CDB_to_Policy_Model,ASMap/Map_CDB_to_Policy_Model/InceptionDateLogic
