class,identity,core.name,core.type,core.description
com.ldm.custom.proglogic.ProgramCategory,ASMap,ASMap,,These set of programs are created to demo AS mappings
com.ldm.custom.proglogic.Program,ASMap/Map_CDB_to_Policy_Model,Map_CDB_to_Policy_Model,Mapping,Sample Mapping
com.ldm.custom.proglogic.ProgramPort,ASMap/Map_CDB_to_Policy_Model/PremiumAmountChecker,PremiumAmountChecker,PortMapping,"Describes the premium amount in APRMP1; Describes the premium amount in APRMP2; Describes the premium amount in APRMP3; Describes the premium amount in APRMP4; Describes the premium amount in APRMP5; Describes the premium amount in PREM (5 occurrences in RAP14, 20 in RAP14B)"
com.ldm.custom.proglogic.ProgramPort,ASMap/Map_CDB_to_Policy_Model/RangeChecker,RangeChecker,PortMapping,Where RangeDescription = Number of Bad Checks Period 3; Where RangeDescription = Number of Bad Checks Period 4; Where RangeDescription = Number of Cancellation Notices Period 1; Where RangeDescription = Number of Cancellation Notices Period 2; Where RangeDescription = Number of Cancellation Notices Period 3; Where RangeDescription = Number of Cancellation Notices Period 4; Where RangeDescription = Number of Bad Checks Period 1; Where RangeDescription = Number of Bad Checks Period 2
com.ldm.custom.proglogic.ProgramPort,ASMap/Map_CDB_to_Policy_Model/InceptionDateLogic,InceptionDateLogic,PortMapping,OriginalPolicyInceptionDt = EFFMO+EFFDAY+ORGYR
