"class","identity","core.name","core.description","com.ldm.custom.swaggerapiv2.in","com.ldm.custom.swaggerapiv2.required","com.ldm.custom.swaggerapiv2.type"
"com.ldm.custom.swaggerapiv2.Parameter","Catalog_Administrator_Public_REST_API/Model_Info/_GET___catalog_models_dataTypes/id","id",,"query","false","array"
"com.ldm.custom.swaggerapiv2.Parameter","Catalog_Administrator_Public_REST_API/Model_Info/_GET___catalog_models_dataTypes/offset","offset","Starting from result","query","false","number"
"com.ldm.custom.swaggerapiv2.Parameter","Catalog_Administrator_Public_REST_API/Model_Info/_GET___catalog_models_dataTypes/pageSize","pageSize","Results per page","query","false","number"
"com.ldm.custom.swaggerapiv2.Parameter","Catalog_Administrator_Public_REST_API/Model_Info/_GET___catalog_models_dataTypes__id_/id","id",,"path","true","string"
"com.ldm.custom.swaggerapiv2.Parameter","Catalog_Administrator_Public_REST_API/Model_Info/_GET___catalog_models_associations/id","id",,"query","false","array"
"com.ldm.custom.swaggerapiv2.Parameter","Catalog_Administrator_Public_REST_API/Model_Info/_GET___catalog_models_associations/offset","offset","Starting from result","query","false","number"
"com.ldm.custom.swaggerapiv2.Parameter","Catalog_Administrator_Public_REST_API/Model_Info/_GET___catalog_models_associations/pageSize","pageSize","Results per page","query","false","number"
"com.ldm.custom.swaggerapiv2.Parameter","Catalog_Administrator_Public_REST_API/Model_Info/_GET___catalog_models_associations/isA","isA","Return associations that inherit the given association kinds","query","false","array"
"com.ldm.custom.swaggerapiv2.Parameter","Catalog_Administrator_Public_REST_API/Model_Info/_GET___catalog_models_associations__id_/id","id",,"path","true","string"
"com.ldm.custom.swaggerapiv2.Parameter","Catalog_Administrator_Public_REST_API/Model_Info/_GET___catalog_models_associationKinds/id","id",,"query","false","array"
"com.ldm.custom.swaggerapiv2.Parameter","Catalog_Administrator_Public_REST_API/Model_Info/_GET___catalog_models_associationKinds/offset","offset","Starting from result","query","false","number"
"com.ldm.custom.swaggerapiv2.Parameter","Catalog_Administrator_Public_REST_API/Model_Info/_GET___catalog_models_associationKinds/pageSize","pageSize","Results per page","query","false","number"
"com.ldm.custom.swaggerapiv2.Parameter","Catalog_Administrator_Public_REST_API/Model_Info/_GET___catalog_models_associationKinds__id_/id","id",,"path","true","string"
"com.ldm.custom.swaggerapiv2.Parameter","Catalog_Administrator_Public_REST_API/Model_Info/_GET___catalog_models_classes/id","id",,"query","false","array"
"com.ldm.custom.swaggerapiv2.Parameter","Catalog_Administrator_Public_REST_API/Model_Info/_GET___catalog_models_classes/offset","offset","Starting from result","query","false","number"
"com.ldm.custom.swaggerapiv2.Parameter","Catalog_Administrator_Public_REST_API/Model_Info/_GET___catalog_models_classes/pageSize","pageSize","Results per page","query","false","number"
"com.ldm.custom.swaggerapiv2.Parameter","Catalog_Administrator_Public_REST_API/Model_Info/_GET___catalog_models_classes/isA","isA","Return classes that inherit from the given classes","query","false","array"
"com.ldm.custom.swaggerapiv2.Parameter","Catalog_Administrator_Public_REST_API/Model_Info/_GET___catalog_models_classes__id_/id","id",,"path","true","string"
"com.ldm.custom.swaggerapiv2.Parameter","Catalog_Administrator_Public_REST_API/Model_Info/_GET___catalog_models_referenceDataTypes/id","id",,"query","false","array"
"com.ldm.custom.swaggerapiv2.Parameter","Catalog_Administrator_Public_REST_API/Model_Info/_GET___catalog_models_referenceDataTypes/offset","offset","Starting from result","query","false","number"
"com.ldm.custom.swaggerapiv2.Parameter","Catalog_Administrator_Public_REST_API/Model_Info/_GET___catalog_models_referenceDataTypes/pageSize","pageSize","Results per page","query","false","number"
"com.ldm.custom.swaggerapiv2.Parameter","Catalog_Administrator_Public_REST_API/Model_Info/_GET___catalog_models_referenceDataTypes__id_/id","id",,"path","true","string"
"com.ldm.custom.swaggerapiv2.Parameter","Catalog_Administrator_Public_REST_API/Model_Info/_GET___catalog_models_referenceAttributes/id","id",,"query","false","array"
"com.ldm.custom.swaggerapiv2.Parameter","Catalog_Administrator_Public_REST_API/Model_Info/_GET___catalog_models_referenceAttributes/classId","classId","Filter attributes by class they may apply to","query","false","array"
"com.ldm.custom.swaggerapiv2.Parameter","Catalog_Administrator_Public_REST_API/Model_Info/_GET___catalog_models_referenceAttributes/offset","offset","Starting from result","query","false","number"
"com.ldm.custom.swaggerapiv2.Parameter","Catalog_Administrator_Public_REST_API/Model_Info/_GET___catalog_models_referenceAttributes/pageSize","pageSize","Results per page","query","false","number"
"com.ldm.custom.swaggerapiv2.Parameter","Catalog_Administrator_Public_REST_API/Model_Modification/_POST___catalog_models_referenceAttributes/attributes","attributes",,"body","true","RefAttributesPost"
"com.ldm.custom.swaggerapiv2.Parameter","Catalog_Administrator_Public_REST_API/Model_Modification/_PUT___catalog_models_referenceAttributes__id_/id","id",,"path","true","string"
"com.ldm.custom.swaggerapiv2.Parameter","Catalog_Administrator_Public_REST_API/Model_Modification/_PUT___catalog_models_referenceAttributes__id_/attribute","attribute",,"body","true","RefAttributePut"
"com.ldm.custom.swaggerapiv2.Parameter","Catalog_Administrator_Public_REST_API/Model_Modification/_PUT___catalog_models_referenceAttributes__id_/If-Match","If-Match","Do not update if etag for resource has changed","header","false","string"
"com.ldm.custom.swaggerapiv2.Parameter","Catalog_Administrator_Public_REST_API/Model_Modification/_DELETE___catalog_models_referenceAttributes__id_/id","id",,"path","true","string"
"com.ldm.custom.swaggerapiv2.Parameter","Catalog_Administrator_Public_REST_API/Model_Info/_GET___catalog_models_referenceAttributes__id_/id","id",,"path","true","string"
"com.ldm.custom.swaggerapiv2.Parameter","Catalog_Administrator_Public_REST_API/Model_Modification/_POST___catalog_models_attributes/attributes","attributes",,"body","true","AttributesRequest"
"com.ldm.custom.swaggerapiv2.Parameter","Catalog_Administrator_Public_REST_API/Model_Info/_GET___catalog_models_attributes/id","id",,"query","false","array"
"com.ldm.custom.swaggerapiv2.Parameter","Catalog_Administrator_Public_REST_API/Model_Info/_GET___catalog_models_attributes/classId","classId","Filter attributes by class","query","false","array"
"com.ldm.custom.swaggerapiv2.Parameter","Catalog_Administrator_Public_REST_API/Model_Info/_GET___catalog_models_attributes/offset","offset","Starting from result","query","false","number"
"com.ldm.custom.swaggerapiv2.Parameter","Catalog_Administrator_Public_REST_API/Model_Info/_GET___catalog_models_attributes/pageSize","pageSize","Results per page","query","false","number"
"com.ldm.custom.swaggerapiv2.Parameter","Catalog_Administrator_Public_REST_API/Model_Modification/_PUT___catalog_models_attributes__id_/id","id",,"path","true","string"
"com.ldm.custom.swaggerapiv2.Parameter","Catalog_Administrator_Public_REST_API/Model_Modification/_PUT___catalog_models_attributes__id_/attribute","attribute",,"body","true","AttributePutRequest"
"com.ldm.custom.swaggerapiv2.Parameter","Catalog_Administrator_Public_REST_API/Model_Modification/_PUT___catalog_models_attributes__id_/If-Match","If-Match","Do not update if etag for resource has changed","header","false","string"
"com.ldm.custom.swaggerapiv2.Parameter","Catalog_Administrator_Public_REST_API/Model_Modification/_DELETE___catalog_models_attributes__id_/id","id",,"path","true","string"
"com.ldm.custom.swaggerapiv2.Parameter","Catalog_Administrator_Public_REST_API/Model_Info/_GET___catalog_models_attributes__id_/id","id",,"path","true","string"
"com.ldm.custom.swaggerapiv2.Parameter","Catalog_Administrator_Public_REST_API/Object_Info/_GET___catalog_data_relationships/seed","seed","ID of the object from which to start","query","true","array"
"com.ldm.custom.swaggerapiv2.Parameter","Catalog_Administrator_Public_REST_API/Object_Info/_GET___catalog_data_relationships/association","association","The association to traverse. Can be either an association or association kind.","query","true","array"
"com.ldm.custom.swaggerapiv2.Parameter","Catalog_Administrator_Public_REST_API/Object_Info/_GET___catalog_data_relationships/direction","direction","Direction to traverse. Valid values BOTH, IN, OUT","query","false","string"
"com.ldm.custom.swaggerapiv2.Parameter","Catalog_Administrator_Public_REST_API/Object_Info/_GET___catalog_data_relationships/removeDuplicateAggregateLinks","removeDuplicateAggregateLinks","Duplicate aggregate links are somtimes created by scanners, when set to true they will not be displayed in responses.","query","false","boolean"
"com.ldm.custom.swaggerapiv2.Parameter","Catalog_Administrator_Public_REST_API/Object_Info/_GET___catalog_data_relationships/depth","depth","Depth of traversal. Valid values [0,N). 0 means traverse fully, any other integer means return links upto N hops from the seed node.","query","true","number"
"com.ldm.custom.swaggerapiv2.Parameter","Catalog_Administrator_Public_REST_API/Object_Info/_GET___catalog_data_relationships/includeTerms","includeTerms","If  true, connected business terms will be embedded in the response.","query","false","boolean"
"com.ldm.custom.swaggerapiv2.Parameter","Catalog_Administrator_Public_REST_API/Object_Info/_GET___catalog_data_relationships/includeAttribute","includeAttribute","Facts with the given attribute id will be embedded in the response.","query","false","array"
"com.ldm.custom.swaggerapiv2.Parameter","Catalog_Administrator_Public_REST_API/Object_Info/_GET___catalog_data_objects/q","q","Search query to match objects. [Lucene Query Syntax](https://lucene.apache.org/core/2_9_4/queryparsersyntax.html)","query","false","string"
"com.ldm.custom.swaggerapiv2.Parameter","Catalog_Administrator_Public_REST_API/Object_Info/_GET___catalog_data_objects/id","id",,"query","false","array"
"com.ldm.custom.swaggerapiv2.Parameter","Catalog_Administrator_Public_REST_API/Object_Info/_GET___catalog_data_objects/offset","offset","Starting from result","query","false","number"
"com.ldm.custom.swaggerapiv2.Parameter","Catalog_Administrator_Public_REST_API/Object_Info/_GET___catalog_data_objects/pageSize","pageSize","Results per page","query","false","number"
"com.ldm.custom.swaggerapiv2.Parameter","Catalog_Administrator_Public_REST_API/Object_Info/_GET___catalog_data_objects/related","related","Return related objects, q must also be specified","query","false","boolean"
"com.ldm.custom.swaggerapiv2.Parameter","Catalog_Administrator_Public_REST_API/Object_Modification/_PUT___catalog_data_objects/objects","objects",,"body","true","ObjectsRequest"
"com.ldm.custom.swaggerapiv2.Parameter","Catalog_Administrator_Public_REST_API/Object_Modification/_PUT___catalog_data_objects/If-Match","If-Match","Do not update if etag for resource has changed","header","false","string"
"com.ldm.custom.swaggerapiv2.Parameter","Catalog_Administrator_Public_REST_API/Object_Info/_GET___catalog_data_objects__id_/id","id",,"path","true","string"
"com.ldm.custom.swaggerapiv2.Parameter","Catalog_Administrator_Public_REST_API/Object_Modification/_PUT___catalog_data_objects__id_/id","id",,"path","true","string"
"com.ldm.custom.swaggerapiv2.Parameter","Catalog_Administrator_Public_REST_API/Object_Modification/_PUT___catalog_data_objects__id_/object","object",,"body","true","ObjectIdRequest"
"com.ldm.custom.swaggerapiv2.Parameter","Catalog_Administrator_Public_REST_API/Object_Modification/_PUT___catalog_data_objects__id_/If-Match","If-Match","Do not update if etag for resource has changed","header","false","string"
